ensaio_id,razao_molar_eta,C_acid_0_mol_L,C_acid_0_g_L,razao_SL_g_L,massa_solido_g,volume_solucao_L,temperatura_C,agitacao_rpm,tempo_min,tempo_s,X_zn_exp,X_zn_final,X_fe_final,C_acid_final_mol_L,pH_final,X_pbm,C_acid_pbm_mol_L,delta_X
1,0.5,0.1,9.81,20.0,8.0,0.4,40.0,1000.0,0.0,0.0,0.0,0.5,0.0,9.8e-07,6.0,0.0,0.1,0.0
1,0.5,0.1,9.81,20.0,8.0,0.4,40.0,1000.0,0.5,30.0,0.42,0.5,0.0,9.8e-07,6.0,0.32391717135747466,0.03521656572850507,0.09608282864252532
1,0.5,0.1,9.81,20.0,8.0,0.4,40.0,1000.0,1.0,60.0,0.46,0.5,0.0,9.8e-07,6.0,0.42164923690069767,0.015670152619860468,0.038350763099302354
1,0.5,0.1,9.81,20.0,8.0,0.4,40.0,1000.0,2.0,120.0,0.46,0.5,0.0,9.8e-07,6.0,0.48100227168461174,0.0037995456630776528,-0.021002271684611717
1,0.5,0.1,9.81,20.0,8.0,0.4,40.0,1000.0,3.0,180.0,0.49,0.5,0.0,9.8e-07,6.0,0.49500840736673557,0.000998318526652886,-0.005008407366735579
1,0.5,0.1,9.81,20.0,8.0,0.4,40.0,1000.0,4.0,240.0,0.51,0.5,0.0,9.8e-07,6.0,0.4986616427303665,0.0002676714539266989,0.011338357269633503
1,0.5,0.1,9.81,20.0,8.0,0.4,40.0,1000.0,5.0,300.0,0.49,0.5,0.0,9.8e-07,6.0,0.49963959291984616,7.208141603076701e-05,-0.009639592919846174
1,0.5,0.1,9.81,20.0,8.0,0.4,40.0,1000.0,15.0,900.0,0.5,0.5,0.0,9.8e-07,6.0,0.5000001806944836,0.0,-1.8069448359803175e-07
2,3.1,0.1,9.81,3.0,1.3,0.4,40.0,1000.0,0.0,0.0,0.0,1.0,0.09,0.06,1.2,0.0,0.1,0.0
2,3.1,0.1,9.81,3.0,1.3,0.4,40.0,1000.0,0.5,30.0,0.82,1.0,0.09,0.06,1.2,0.4507746087704372,0.08545888358805043,0.36922539122956277
2,3.1,0.1,9.81,3.0,1.3,0.4,40.0,1000.0,1.0,60.0,0.9,1.0,0.09,0.06,1.2,0.6779054047345506,0.0781320837182403,0.2220945952654494
2,3.1,0.1,9.81,3.0,1.3,0.4,40.0,1000.0,2.0,120.0,0.95,1.0,0.09,0.06,1.2,0.8789602344608339,0.07164644404965052,0.07103976553916602
2,3.1,0.1,9.81,3.0,1.3,0.4,40.0,1000.0,3.0,180.0,0.97,1.0,0.09,0.06,1.2,0.9522278569942446,0.06928297235502437,0.01777214300575536
2,3.1,0.1,9.81,3.0,1.3,0.4,40.0,1000.0,4.0,240.0,0.97,1.0,0.09,0.06,1.2,0.9808229038212211,0.06836055148963803,-0.010822903821221086
2,3.1,0.1,9.81,3.0,1.3,0.4,40.0,1000.0,5.0,300.0,0.99,1.0,0.09,0.06,1.2,0.9922613184666939,0.06799157037204213,-0.0022613184666938624
2,3.1,0.1,9.81,3.0,1.3,0.4,40.0,1000.0,15.0,900.0,1.0,1.0,0.09,0.06,1.2,0.9999991563553554,0.06774196269821435,8.436446445880819e-07
3,0.5,0.5,49.04,100.0,40.0,0.4,40.0,1000.0,0.0,0.0,0.0,0.5,0.0,4.2e-06,5.4,0.0,0.5,0.0
3,0.5,0.5,49.04,100.0,40.0,0.4,40.0,1000.0,0.5,30.0,0.45,0.5,0.0,4.2e-06,5.4,0.49030380912640004,0.009696190873599964,-0.040303809126400025
3,0.5,0.5,49.04,100.0,40.0,0.4,40.0,1000.0,1.0,60.0,0.48,0.5,0.0,4.2e-06,5.4,0.49963889194290445,0.0003611080570955494,-0.01963889194290447
3,0.5,0.5,49.04,100.0,40.0,0.4,40.0,1000.0,2.0,120.0,0.49,0.5,0.0,4.2e-06,5.4,0.499997943610605,2.0563893949887557e-06,-0.00999794361060502
3,0.5,0.5,49.04,100.0,40.0,0.4,40.0,1000.0,3.0,180.0,0.52,0.5,0.0,4.2e-06,5.4,0.5000000851187023,0.0,0.01999991488129771
3,0.5,0.5,49.04,100.0,40.0,0.4,40.0,1000.0,4.0,240.0,0.5,0.5,0.0,4.2e-06,5.4,0.50000008847695,0.0,-8.847694998870281e-08
3,0.5,0.5,49.04,100.0,40.0,0.4,40.0,1000.0,5.0,300.0,0.49,0.5,0.0,4.2e-06,5.4,0.50000008847695,0.0,-0.010000088476949998
3,0.5,0.5,49.04,100.0,40.0,0.4,40.0,1000.0,15.0,900.0,0.5,0.5,0.0,4.2e-06,5.4,0.50000008847695,0.0,-8.847694998870281e-08
4,0.5,1.0,98.08,200.0,80.0,0.4,40.0,1000.0,0.0,0.0,0.0,0.5,0.0,5e-06,5.3,0.0,1.0,0.0
4,0.5,1.0,98.08,200.0,80.0,0.4,40.0,1000.0,0.5,30.0,0.5,0.5,0.0,5e-06,5.3,0.49963939972298865,0.000721200554022694,0.000360600277011347
4,0.5,1.0,98.08,200.0,80.0,0.4,40.0,1000.0,1.0,60.0,0.47,0.5,0.0,5e-06,5.3,0.4999958254067898,8.349186420453236e-06,-0.0299958254067898
4,0.5,1.0,98.08,200.0,80.0,0.4,40.0,1000.0,2.0,120.0,0.51,0.5,0.0,5e-06,5.3,0.5000000731048431,0.0,0.009999926895156941
4,0.5,1.0,98.08,200.0,80.0,0.4,40.0,1000.0,3.0,180.0,0.47,0.5,0.0,5e-06,5.3,0.5000000731048431,0.0,-0.030000073104843095
4,0.5,1.0,98.08,200.0,80.0,0.4,40.0,1000.0,4.0,240.0,0.53,0.5,0.0,5e-06,5.3,0.5000000731048431,0.0,0.02999992689515696
4,0.5,1.0,98.08,200.0,80.0,0.4,40.0,1000.0,5.0,300.0,0.51,0.5,0.0,5e-06,5.3,0.5000000731048431,0.0,0.009999926895156941
4,0.5,1.0,98.08,200.0,80.0,0.4,40.0,1000.0,15.0,900.0,0.5,0.5,0.0,5e-06,5.3,0.5000000731048431,0.0,-7.310484306799481e-08
5,0.5,1.5,147.12,300.0,120.0,0.4,40.0,1000.0,0.0,0.0,0.0,0.49,0.0,4.9e-06,5.0,0.0,1.5,0.0
5,0.5,1.5,147.12,300.0,120.0,0.4,40.0,1000.0,0.5,30.0,0.49,0.49,0.0,4.9e-06,5.0,0.49997357730951075,7.926807146774184e-05,-0.009973577309510762
5,0.5,1.5,147.12,300.0,120.0,0.4,40.0,1000.0,1.0,60.0,0.49,0.49,0.0,4.9e-06,5.0,0.5000002082880433,0.0,-0.010000208288043266
5,0.5,1.5,147.12,300.0,120.0,0.4,40.0,1000.0,2.0,120.0,0.47,0.49,0.0,4.9e-06,5.0,0.5000002339884265,0.0,-0.03000023398842655
5,0.5,1.5,147.12,300.0,120.0,0.4,40.0,1000.0,3.0,180.0,0.49,0.49,0.0,4.9e-06,5.0,0.5000002339884265,0.0,-0.010000233988426532
5,0.5,1.5,147.12,300.0,120.0,0.4,40.0,1000.0,4.0,240.0,0.49,0.49,0.0,4.9e-06,5.0,0.5000002339884265,0.0,-0.010000233988426532
5,0.5,1.5,147.12,300.0,120.0,0.4,40.0,1000.0,5.0,300.0,0.47,0.49,0.0,4.9e-06,5.0,0.5000002339884265,0.0,-0.03000023398842655
5,0.5,1.5,147.12,300.0,120.0,0.4,40.0,1000.0,15.0,900.0,0.49,0.49,0.0,4.9e-06,5.0,0.5000002339884265,0.0,-0.010000233988426532
6,1.0,0.1,9.81,10.0,4.0,0.4,40.0,1000.0,0.0,0.0,0.0,0.87,0.06,0.008,2.0,0.0,0.1,0.0
6,1.0,0.1,9.81,10.0,4.0,0.4,40.0,1000.0,0.5,30.0,0.75,0.87,0.06,0.008,2.0,0.39483825390861027,0.060516174609138974,0.35516174609138973
6,1.0,0.1,9.81,10.0,4.0,0.4,40.0,1000.0,1.0,60.0,0.78,0.87,0.06,0.008,2.0,0.5665451255746131,0.04334548744253869,0.2134548744253869
6,1.0,0.1,9.81,10.0,4.0,0.4,40.0,1000.0,2.0,120.0,0.8,0.87,0.06,0.008,2.0,0.7237422856719549,0.027625771432804515,0.07625771432804518
6,1.0,0.1,9.81,10.0,4.0,0.4,40.0,1000.0,3.0,180.0,0.85,0.87,0.06,0.008,2.0,0.7973835764282107,0.020261642357178936,0.052616423571789306
6,1.0,0.1,9.81,10.0,4.0,0.4,40.0,1000.0,4.0,240.0,0.87,0.87,0.06,0.008,2.0,0.8400746479629075,0.015992535203709246,0.029925352037092456
6,1.0,0.1,9.81,10.0,4.0,0.4,40.0,1000.0,5.0,300.0,0.85,0.87,0.06,0.008,2.0,0.8679348668094485,0.013206513319055146,-0.017934866809448557
6,1.0,0.1,9.81,10.0,4.0,0.4,40.0,1000.0,15.0,900.0,0.87,0.87,0.06,0.008,2.0,0.9519271355239578,0.00480728644760422,-0.0819271355239578
7,3.1,0.5,49.04,17.0,6.7,0.4,40.0,1000.0,0.0,0.0,0.0,1.01,0.09,0.32,0.5,0.0,0.5,0.0
7,3.1,0.5,49.04,17.0,6.7,0.4,40.0,1000.0,0.5,30.0,0.88,1.01,0.09,0.32,0.5,0.9242152761150949,0.35093301998143633,-0.044215276115094904
7,3.1,0.5,49.04,17.0,6.7,0.4,40.0,1000.0,1.0,60.0,0.93,1.01,0.09,0.32,0.5,0.9922610804392368,0.339957890251736,-0.06226108043923673
7,3.1,0.5,49.04,17.0,6.7,0.4,40.0,1000.0,2.0,120.0,0.98,1.01,0.09,0.32,0.5,0.999917803269228,0.3387229349565761,-0.019917803269227985
7,3.1,0.5,49.04,17.0,6.7,0.4,40.0,1000.0,3.0,180.0,0.99,1.01,0.09,0.32,0.5,0.9999991563554234,0.3387098134910608,-0.009999156355423366
7,3.1,0.5,49.04,17.0,6.7,0.4,40.0,1000.0,4.0,240.0,1.0,1.01,0.09,0.32,0.5,0.9999999915757172,0.33870967877811015,8.424282826879903e-09
7,3.1,0.5,49.04,17.0,6.7,0.4,40.0,1000.0,5.0,300.0,0.99,1.01,0.09,0.32,0.5,0.9999999999176821,0.3387096774326319,-0.009999999917682079
7,3.1,0.5,49.04,17.0,6.7,0.4,40.0,1000.0,15.0,900.0,1.01,1.01,0.09,0.32,0.5,1.0,0.33870967741935487,0.010000000000000009
8,1.0,0.5,49.04,50.0,20.0,0.4,40.0,1000.0,0.0,0.0,0.0,0.87,0.05,0.056,1.2,0.0,0.5,0.0
8,1.0,0.5,49.04,50.0,20.0,0.4,40.0,1000.0,0.5,30.0,0.83,0.87,0.05,0.056,1.2,0.7662081879166354,0.11689590604168232,0.0637918120833646
8,1.0,0.5,49.04,50.0,20.0,0.4,40.0,1000.0,1.0,60.0,0.82,0.87,0.05,0.056,1.2,0.8679324080680038,0.06603379596599812,-0.04793240806800381
8,1.0,0.5,49.04,50.0,20.0,0.4,40.0,1000.0,2.0,120.0,0.85,0.87,0.05,0.056,1.2,0.9294795778703159,0.03526021106484206,-0.0794795778703159
8,1.0,0.5,49.04,50.0,20.0,0.4,40.0,1000.0,3.0,180.0,0.86,0.87,0.05,0.056,1.2,0.9519278921829953,0.02403605390850233,-0.09192789218299535
8,1.0,0.5,49.04,50.0,20.0,0.4,40.0,1000.0,4.0,240.0,0.87,0.87,0.05,0.056,1.2,0.9635466369047916,0.018226681547604207,-0.09354663690479159
8,1.0,0.5,49.04,50.0,20.0,0.4,40.0,1000.0,5.0,300.0,0.86,0.87,0.05,0.056,1.2,0.970646523463658,0.014676738268171008,-0.110646523463658
8,1.0,0.5,49.04,50.0,20.0,0.4,40.0,1000.0,15.0,900.0,0.87,0.87,0.05,0.056,1.2,0.9900590736010647,0.004970463199467645,-0.12005907360106471
9,1.0,1.0,98.08,100.0,40.0,0.4,40.0,1000.0,0.0,0.0,0.0,0.85,0.06,0.12,0.9,0.0,1.0,0.0
9,1.0,1.0,98.08,100.0,40.0,0.4,40.0,1000.0,0.5,30.0,0.83,0.85,0.06,0.12,0.9,0.8679345010190512,0.13206549898094877,-0.03793450101905127
9,1.0,1.0,98.08,100.0,40.0,0.4,40.0,1000.0,1.0,60.0,0.84,0.85,0.06,0.12,0.9,0.9294794039273802,0.07052059607261985,-0.08947940392738019
9,1.0,1.0,98.08,100.0,40.0,0.4,40.0,1000.0,2.0,120.0,0.85,0.85,0.06,0.12,0.9,0.9635458570609025,0.036454142939097545,-0.11354585706090248
9,1.0,1.0,98.08,100.0,40.0,0.4,40.0,1000.0,3.0,180.0,0.85,0.85,0.06,0.12,0.9,0.9754350248176216,0.024564975182378435,-0.1254350248176216
9,1.0,1.0,98.08,100.0,40.0,0.4,40.0,1000.0,4.0,240.0,0.83,0.85,0.06,0.12,0.9,0.9814814326023944,0.0185185673976056,-0.15148143260239444
9,1.0,1.0,98.08,100.0,40.0,0.4,40.0,1000.0,5.0,300.0,0.84,0.85,0.06,0.12,0.9,0.9851422581226372,0.014857741877362773,-0.14514225812263726
9,1.0,1.0,98.08,100.0,40.0,0.4,40.0,1000.0,15.0,900.0,0.85,0.85,0.06,0.12,0.9,0.9950157879389909,0.0049842120610090745,-0.14501578793899095
10,1.0,1.5,147.12,150.0,60.0,0.4,40.0,1000.0,0.0,0.0,0.0,0.85,0.07,0.23,0.6,0.0,1.5,0.0
10,1.0,1.5,147.12,150.0,60.0,0.4,40.0,1000.0,0.5,30.0,0.84,0.85,0.07,0.23,0.6,0.9080367051379745,0.13794494229303822,-0.06803670513797455
10,1.0,1.5,147.12,150.0,60.0,0.4,40.0,1000.0,1.0,60.0,0.83,0.85,0.07,0.23,0.6,0.9519271770591037,0.07210923441134448,-0.12192717705910372
10,1.0,1.5,147.12,150.0,60.0,0.4,40.0,1000.0,2.0,120.0,0.83,0.85,0.07,0.23,0.6,0.9754348431888724,0.03684773521669138,-0.14543484318887245
10,1.0,1.5,147.12,150.0,60.0,0.4,40.0,1000.0,3.0,180.0,0.83,0.85,0.07,0.23,0.6,0.9835119408957674,0.02473208865634885,-0.15351194089576747
10,1.0,1.5,147.12,150.0,60.0,0.4,40.0,1000.0,4.0,240.0,0.83,0.85,0.07,0.23,0.6,0.9875953484916702,0.018606977262494717,-0.15759534849167023
10,1.0,1.5,147.12,150.0,60.0,0.4,40.0,1000.0,5.0,300.0,0.84,0.85,0.07,0.23,0.6,0.9900591483937051,0.014911277409442314,-0.15005914839370516
10,1.0,1.5,147.12,150.0,60.0,0.4,40.0,1000.0,15.0,900.0,0.85,0.85,0.07,0.23,0.6,0.9966757697115415,0.004986345432687778,-0.1466757697115415
11,1.5,0.1,9.81,7.0,2.7,0.4,40.0,1000.0,0.0,0.0,0.0,0.98,0.07,0.04,1.5,0.0,0.1,0.0
11,1.5,0.1,9.81,7.0,2.7,0.4,40.0,1000.0,0.5,30.0,0.86,0.98,0.07,0.04,1.5,0.4216079324982057,0.07189280450011962,0.43839206750179427
11,1.5,0.1,9.81,7.0,2.7,0.4,40.0,1000.0,1.0,60.0,0.85,0.98,0.07,0.04,1.5,0.6210413108097969,0.058597245946013544,0.22895868919020312
11,1.5,0.1,9.81,7.0,2.7,0.4,40.0,1000.0,2.0,120.0,0.88,0.98,0.07,0.04,1.5,0.8073183695668699,0.046178775362208685,0.07268163043313014
11,1.5,0.1,9.81,7.0,2.7,0.4,40.0,1000.0,3.0,180.0,0.97,0.98,0.07,0.04,1.5,0.8908301190777761,0.04061132539481493,0.07916988092222388
11,1.5,0.1,9.81,7.0,2.7,0.4,40.0,1000.0,4.0,240.0,0.94,0.98,0.07,0.04,1.5,0.9348177219526965,0.037678818536486906,0.0051822780473034236
11,1.5,0.1,9.81,7.0,2.7,0.4,40.0,1000.0,5.0,300.0,0.96,0.98,0.07,0.04,1.5,0.9599540258652326,0.03600306494231783,4.597413476736811e-05
11,1.5,0.1,9.81,7.0,2.7,0.4,40.0,1000.0,15.0,900.0,0.98,0.98,0.07,0.04,1.5,0.9995671777411111,0.03336218815059259,-0.019567177741111164
12,3.1,1.0,98.08,33.0,13.3,0.4,40.0,1000.0,0.0,0.0,0.0,1.0,0.09,0.64,0.2,0.0,1.0,0.0
12,3.1,1.0,98.08,33.0,13.3,0.4,40.0,1000.0,0.5,30.0,0.96,1.0,0.09,0.64,0.2,0.9922612642287525,0.6799157212165314,-0.03226126422875253
12,3.1,1.0,98.08,33.0,13.3,0.4,40.0,1000.0,1.0,60.0,1.0,1.0,0.09,0.64,0.2,0.9999178027211855,0.6774458700899402,8.219727881453309e-05
12,3.1,1.0,98.08,33.0,13.3,0.4,40.0,1000.0,2.0,120.0,1.0,1.0,0.09,0.64,0.2,0.9999999915757166,0.6774193575562204,8.424283381991415e-09
12,3.1,1.0,98.08,33.0,13.3,0.4,40.0,1000.0,3.0,180.0,0.99,1.0,0.09,0.64,0.2,0.9999999999992099,0.6774193548389646,-0.009999999999209863
12,3.1,1.0,98.08,33.0,13.3,0.4,40.0,1000.0,4.0,240.0,0.99,1.0,0.09,0.64,0.2,0.9999999999999999,0.6774193548387097,-0.009999999999999898
12,3.1,1.0,98.08,33.0,13.3,0.4,40.0,1000.0,5.0,300.0,0.99,1.0,0.09,0.64,0.2,1.0,0.6774193548387097,-0.010000000000000009
12,3.1,1.0,98.08,33.0,13.3,0.4,40.0,1000.0,15.0,900.0,1.0,1.0,0.09,0.64,0.2,1.0,0.6774193548387097,0.0
13,1.5,0.5,49.04,33.0,13.3,0.4,40.0,1000.0,0.0,0.0,0.0,0.97,0.06,0.18,0.7,0.0,0.5,0.0
13,1.5,0.5,49.04,33.0,13.3,0.4,40.0,1000.0,0.5,30.0,0.92,0.97,0.06,0.18,0.7,0.8562452702328018,0.21458490992239937,0.0637547297671982
13,1.5,0.5,49.04,33.0,13.3,0.4,40.0,1000.0,1.0,60.0,0.92,0.97,0.06,0.18,0.7,0.9599547846717846,0.1800150717760718,-0.03995478467178459
13,1.5,0.5,49.04,33.0,13.3,0.4,40.0,1000.0,2.0,120.0,0.95,0.97,0.06,0.18,0.7,0.9959360444346567,0.1680213185217811,-0.04593604443465671
13,1.5,0.5,49.04,33.0,13.3,0.4,40.0,1000.0,3.0,180.0,0.95,0.97,0.06,0.18,0.7,0.9995671731182109,0.16681094229392973,-0.049567173118210905
13,1.5,0.5,49.04,33.0,13.3,0.4,40.0,1000.0,4.0,240.0,0.95,0.97,0.06,0.18,0.7,0.9999540857767553,0.16668197140774826,-0.04995408577675531
13,1.5,0.5,49.04,33.0,13.3,0.4,40.0,1000.0,5.0,300.0,0.95,0.97,0.06,0.18,0.7,0.9999951675866516,0.16666827747111612,-0.04999516758665168
13,1.5,0.5,49.04,33.0,13.3,0.4,40.0,1000.0,15.0,900.0,0.97,0.97,0.06,0.18,0.7,0.9999999999999994,0.16666666666666685,-0.02999999999999947
14,1.5,1.0,98.08,67.0,26.7,0.4,40.0,1000.0,0.0,0.0,0.0,0.97,0.07,0.34,0.5,0.0,1.0,0.0
14,1.5,1.0,98.08,67.0,26.7,0.4,40.0,1000.0,0.5,30.0,0.91,0.97,0.07,0.34,0.5,0.9599544239586796,0.36003038402754695,-0.04995442395867955
14,1.5,1.0,98.08,67.0,26.7,0.4,40.0,1000.0,1.0,60.0,0.96,0.97,0.07,0.34,0.5,0.9959360225675761,0.33604265162161595,-0.03593602256757611
14,1.5,1.0,98.08,67.0,26.7,0.4,40.0,1000.0,2.0,120.0,0.95,0.97,0.07,0.34,0.5,0.9999540851200316,0.3333639432533123,-0.04995408512003163
14,1.5,1.0,98.08,67.0,26.7,0.4,40.0,1000.0,3.0,180.0,0.97,0.97,0.07,0.34,0.5,0.9999994950911797,0.33333366993921354,-0.029999495091179718
14,1.5,1.0,98.08,67.0,26.7,0.4,40.0,1000.0,4.0,240.0,0.95,0.97,0.07,0.34,0.5,0.9999999945889524,0.33333333694069844,-0.049999994588952434
14,1.5,1.0,98.08,67.0,26.7,0.4,40.0,1000.0,5.0,300.0,0.98,0.97,0.07,0.34,0.5,0.9999999999431909,0.3333333333712061,-0.019999999943190905
14,1.5,1.0,98.08,67.0,26.7,0.4,40.0,1000.0,15.0,900.0,0.97,0.97,0.07,0.34,0.5,1.0,0.33333333333333337,-0.030000000000000027
15,1.5,1.5,147.12,100.0,40.0,0.4,40.0,1000.0,0.0,0.0,0.0,0.97,0.08,0.53,0.2,0.0,1.5,0.0
15,1.5,1.5,147.12,100.0,40.0,0.4,40.0,1000.0,0.5,30.0,0.91,0.97,0.08,0.53,0.2,0.9874424070313113,0.5125575929686887,-0.07744240703131122
15,1.5,1.5,147.12,100.0,40.0,0.4,40.0,1000.0,1.0,60.0,0.94,0.97,0.08,0.53,0.2,0.9995671820085706,0.5004328179914295,-0.059567182008570696
15,1.5,1.5,147.12,100.0,40.0,0.4,40.0,1000.0,2.0,120.0,0.95,0.97,0.08,0.53,0.2,0.9999994950893868,0.5000005049106132,-0.049999495089386836
15,1.5,1.5,147.12,100.0,40.0,0.4,40.0,1000.0,3.0,180.0,0.94,0.97,0.08,0.53,0.2,0.9999999994442709,0.5000000005557292,-0.059999999444270924
15,1.5,1.5,147.12,100.0,40.0,0.4,40.0,1000.0,4.0,240.0,0.96,0.97,0.08,0.53,0.2,0.9999999999994137,0.5000000000005862,-0.03999999999941373
15,1.5,1.5,147.12,100.0,40.0,0.4,40.0,1000.0,5.0,300.0,0.96,0.97,0.08,0.53,0.2,0.9999999999999994,0.5000000000000006,-0.03999999999999948
15,1.5,1.5,147.12,100.0,40.0,0.4,40.0,1000.0,15.0,900.0,0.97,0.97,0.08,0.53,0.2,1.0,0.5,-0.030000000000000027
16,3.1,1.5,147.12,50.0,20.0,0.4,40.0,1000.0,0.0,0.0,0.0,1.0,0.1,0.99,-0.1,0.0,1.5,0.0
16,3.1,1.5,147.12,50.0,20.0,0.4,40.0,1000.0,0.5,30.0,0.98,1.0,0.1,0.99,-0.1,0.9991990836593574,1.0165165724228915,-0.019199083659357408
16,3.1,1.5,147.12,50.0,20.0,0.4,40.0,1000.0,1.0,60.0,0.98,1.0,0.1,0.99,-0.1,0.9999991563578119,1.0161294404720267,-0.01999915635781191
16,3.1,1.5,147.12,50.0,20.0,0.4,40.0,1000.0,2.0,120.0,0.96,1.0,0.1,0.99,-0.1,0.9999999999992099,1.0161290322584469,-0.03999999999920989
16,3.1,1.5,147.12,50.0,20.0,0.4,40.0,1000.0,3.0,180.0,0.99,1.0,0.1,0.99,-0.1,1.0,1.0161290322580645,-0.010000000000000009
16,3.1,1.5,147.12,50.0,20.0,0.4,40.0,1000.0,4.0,240.0,0.99,1.0,0.1,0.99,-0.1,1.0,1.0161290322580645,-0.010000000000000009
16,3.1,1.5,147.12,50.0,20.0,0.4,40.0,1000.0,5.0,300.0,1.0,1.0,0.1,0.99,-0.1,1.0,1.0161290322580645,0.0
16,3.1,1.5,147.12,50.0,20.0,0.4,40.0,1000.0,15.0,900.0,1.0,1.0,0.1,0.99,-0.1,1.0,1.0161290322580645,0.0
