ensaio_id,razao_molar_eta,C_acid_0_mol_L,C_acid_0_g_L,razao_SL_g_L,massa_solido_g,volume_solucao_L,temperatura_C,agitacao_rpm,tempo_min,tempo_s,X_zn_exp,X_zn_final,X_fe_final,C_acid_final_mol_L,pH_final,X_pbm,delta_X
1,0.5,0.1,9.81,20.0,8.0,0.4,40.0,1000.0,0.0,0.0,0.0,0.5,0.0,9.8e-07,6.0,0.0,0.0
1,0.5,0.1,9.81,20.0,8.0,0.4,40.0,1000.0,0.5,30.0,0.42,0.5,0.0,9.8e-07,6.0,0.32391717135747466,0.09608282864252532
1,0.5,0.1,9.81,20.0,8.0,0.4,40.0,1000.0,1.0,60.0,0.46,0.5,0.0,9.8e-07,6.0,0.42164923690069767,0.038350763099302354
1,0.5,0.1,9.81,20.0,8.0,0.4,40.0,1000.0,2.0,120.0,0.46,0.5,0.0,9.8e-07,6.0,0.48100227168461174,-0.021002271684611717
1,0.5,0.1,9.81,20.0,8.0,0.4,40.0,1000.0,3.0,180.0,0.49,0.5,0.0,9.8e-07,6.0,0.49500840736673557,-0.005008407366735579
1,0.5,0.1,9.81,20.0,8.0,0.4,40.0,1000.0,4.0,240.0,0.51,0.5,0.0,9.8e-07,6.0,0.4986616427303665,0.011338357269633503
1,0.5,0.1,9.81,20.0,8.0,0.4,40.0,1000.0,5.0,300.0,0.49,0.5,0.0,9.8e-07,6.0,0.49963959291984616,-0.009639592919846174
1,0.5,0.1,9.81,20.0,8.0,0.4,40.0,1000.0,15.0,900.0,0.5,0.5,0.0,9.8e-07,6.0,0.5000001806944836,-1.8069448359803175e-07
2,3.1,0.1,9.81,3.0,1.3,0.4,40.0,1000.0,0.0,0.0,0.0,1.0,0.09,0.06,1.2,0.0,0.0
2,3.1,0.1,9.81,3.0,1.3,0.4,40.0,1000.0,0.5,30.0,0.82,1.0,0.09,0.06,1.2,0.4507746087704372,0.36922539122956277
2,3.1,0.1,9.81,3.0,1.3,0.4,40.0,1000.0,1.0,60.0,0.9,1.0,0.09,0.06,1.2,0.6779054047345506,0.2220945952654494
2,3.1,0.1,9.81,3.0,1.3,0.4,40.0,1000.0,2.0,120.0,0.95,1.0,0.09,0.06,1.2,0.8789602344608339,0.07103976553916602
2,3.1,0.1,9.81,3.0,1.3,0.4,40.0,1000.0,3.0,180.0,0.97,1.0,0.09,0.06,1.2,0.9522278569942446,0.01777214300575536
2,3.1,0.1,9.81,3.0,1.3,0.4,40.0,1000.0,4.0,240.0,0.97,1.0,0.09,0.06,1.2,0.9808229038212211,-0.010822903821221086
2,3.1,0.1,9.81,3.0,1.3,0.4,40.0,1000.0,5.0,300.0,0.99,1.0,0.09,0.06,1.2,0.9922613184666939,-0.0022613184666938624
2,3.1,0.1,9.81,3.0,1.3,0.4,40.0,1000.0,15.0,900.0,1.0,1.0,0.09,0.06,1.2,0.9999991563553554,8.436446445880819e-07
3,0.5,0.5,49.04,100.0,40.0,0.4,40.0,1000.0,0.0,0.0,0.0,0.5,0.0,4.2e-06,5.4,0.0,0.0
3,0.5,0.5,49.04,100.0,40.0,0.4,40.0,1000.0,0.5,30.0,0.45,0.5,0.0,4.2e-06,5.4,0.49030380912640004,-0.040303809126400025
3,0.5,0.5,49.04,100.0,40.0,0.4,40.0,1000.0,1.0,60.0,0.48,0.5,0.0,4.2e-06,5.4,0.49963889194290445,-0.01963889194290447
3,0.5,0.5,49.04,100.0,40.0,0.4,40.0,1000.0,2.0,120.0,0.49,0.5,0.0,4.2e-06,5.4,0.499997943610605,-0.00999794361060502
3,0.5,0.5,49.04,100.0,40.0,0.4,40.0,1000.0,3.0,180.0,0.52,0.5,0.0,4.2e-06,5.4,0.5000000851187023,0.01999991488129771
3,0.5,0.5,49.04,100.0,40.0,0.4,40.0,1000.0,4.0,240.0,0.5,0.5,0.0,4.2e-06,5.4,0.50000008847695,-8.847694998870281e-08
3,0.5,0.5,49.04,100.0,40.0,0.4,40.0,1000.0,5.0,300.0,0.49,0.5,0.0,4.2e-06,5.4,0.50000008847695,-0.010000088476949998
3,0.5,0.5,49.04,100.0,40.0,0.4,40.0,1000.0,15.0,900.0,0.5,0.5,0.0,4.2e-06,5.4,0.50000008847695,-8.847694998870281e-08
4,0.5,1.0,98.08,200.0,80.0,0.4,40.0,1000.0,0.0,0.0,0.0,0.5,0.0,5e-06,5.3,0.0,0.0
4,0.5,1.0,98.08,200.0,80.0,0.4,40.0,1000.0,0.5,30.0,0.5,0.5,0.0,5e-06,5.3,0.49963939972298865,0.000360600277011347
4,0.5,1.0,98.08,200.0,80.0,0.4,40.0,1000.0,1.0,60.0,0.47,0.5,0.0,5e-06,5.3,0.4999958254067898,-0.0299958254067898
4,0.5,1.0,98.08,200.0,80.0,0.4,40.0,1000.0,2.0,120.0,0.51,0.5,0.0,5e-06,5.3,0.5000000731048431,0.009999926895156941
4,0.5,1.0,98.08,200.0,80.0,0.4,40.0,1000.0,3.0,180.0,0.47,0.5,0.0,5e-06,5.3,0.5000000731048431,-0.030000073104843095
4,0.5,1.0,98.08,200.0,80.0,0.4,40.0,1000.0,4.0,240.0,0.53,0.5,0.0,5e-06,5.3,0.5000000731048431,0.02999992689515696
4,0.5,1.0,98.08,200.0,80.0,0.4,40.0,1000.0,5.0,300.0,0.51,0.5,0.0,5e-06,5.3,0.5000000731048431,0.009999926895156941
4,0.5,1.0,98.08,200.0,80.0,0.4,40.0,1000.0,15.0,900.0,0.5,0.5,0.0,5e-06,5.3,0.5000000731048431,-7.310484306799481e-08
5,0.5,1.5,147.12,300.0,120.0,0.4,40.0,1000.0,0.0,0.0,0.0,0.49,0.0,4.9e-06,5.0,0.0,0.0
5,0.5,1.5,147.12,300.0,120.0,0.4,40.0,1000.0,0.5,30.0,0.49,0.49,0.0,4.9e-06,5.0,0.49997357730951075,-0.009973577309510762
5,0.5,1.5,147.12,300.0,120.0,0.4,40.0,1000.0,1.0,60.0,0.49,0.49,0.0,4.9e-06,5.0,0.5000002082880433,-0.010000208288043266
5,0.5,1.5,147.12,300.0,120.0,0.4,40.0,1000.0,2.0,120.0,0.47,0.49,0.0,4.9e-06,5.0,0.5000002339884265,-0.03000023398842655
5,0.5,1.5,147.12,300.0,120.0,0.4,40.0,1000.0,3.0,180.0,0.49,0.49,0.0,4.9e-06,5.0,0.5000002339884265,-0.010000233988426532
5,0.5,1.5,147.12,300.0,120.0,0.4,40.0,1000.0,4.0,240.0,0.49,0.49,0.0,4.9e-06,5.0,0.5000002339884265,-0.010000233988426532
5,0.5,1.5,147.12,300.0,120.0,0.4,40.0,1000.0,5.0,300.0,0.47,0.49,0.0,4.9e-06,5.0,0.5000002339884265,-0.03000023398842655
5,0.5,1.5,147.12,300.0,120.0,0.4,40.0,1000.0,15.0,900.0,0.49,0.49,0.0,4.9e-06,5.0,0.5000002339884265,-0.010000233988426532
6,1.0,0.1,9.81,10.0,4.0,0.4,40.0,1000.0,0.0,0.0,0.0,0.87,0.06,0.008,2.0,0.0,0.0
6,1.0,0.1,9.81,10.0,4.0,0.4,40.0,1000.0,0.5,30.0,0.75,0.87,0.06,0.008,2.0,0.39483825390861027,0.35516174609138973
6,1.0,0.1,9.81,10.0,4.0,0.4,40.0,1000.0,1.0,60.0,0.78,0.87,0.06,0.008,2.0,0.5665451255746131,0.2134548744253869
6,1.0,0.1,9.81,10.0,4.0,0.4,40.0,1000.0,2.0,120.0,0.8,0.87,0.06,0.008,2.0,0.7237422856719549,0.07625771432804518
6,1.0,0.1,9.81,10.0,4.0,0.4,40.0,1000.0,3.0,180.0,0.85,0.87,0.06,0.008,2.0,0.7973835764282107,0.052616423571789306
6,1.0,0.1,9.81,10.0,4.0,0.4,40.0,1000.0,4.0,240.0,0.87,0.87,0.06,0.008,2.0,0.8400746479629075,0.029925352037092456
6,1.0,0.1,9.81,10.0,4.0,0.4,40.0,1000.0,5.0,300.0,0.85,0.87,0.06,0.008,2.0,0.8679348668094485,-0.017934866809448557
6,1.0,0.1,9.81,10.0,4.0,0.4,40.0,1000.0,15.0,900.0,0.87,0.87,0.06,0.008,2.0,0.9519271355239578,-0.0819271355239578
7,3.1,0.5,49.04,17.0,6.7,0.4,40.0,1000.0,0.0,0.0,0.0,1.01,0.09,0.32,0.5,0.0,0.0
7,3.1,0.5,49.04,17.0,6.7,0.4,40.0,1000.0,0.5,30.0,0.88,1.01,0.09,0.32,0.5,0.9242152761150949,-0.044215276115094904
7,3.1,0.5,49.04,17.0,6.7,0.4,40.0,1000.0,1.0,60.0,0.93,1.01,0.09,0.32,0.5,0.9922610804392368,-0.06226108043923673
7,3.1,0.5,49.04,17.0,6.7,0.4,40.0,1000.0,2.0,120.0,0.98,1.01,0.09,0.32,0.5,0.999917803269228,-0.019917803269227985
7,3.1,0.5,49.04,17.0,6.7,0.4,40.0,1000.0,3.0,180.0,0.99,1.01,0.09,0.32,0.5,0.9999991563554234,-0.009999156355423366
7,3.1,0.5,49.04,17.0,6.7,0.4,40.0,1000.0,4.0,240.0,1.0,1.01,0.09,0.32,0.5,0.9999999915757172,8.424282826879903e-09
7,3.1,0.5,49.04,17.0,6.7,0.4,40.0,1000.0,5.0,300.0,0.99,1.01,0.09,0.32,0.5,0.9999999999176821,-0.009999999917682079
7,3.1,0.5,49.04,17.0,6.7,0.4,40.0,1000.0,15.0,900.0,1.01,1.01,0.09,0.32,0.5,1.0,0.010000000000000009
8,1.0,0.5,49.04,50.0,20.0,0.4,40.0,1000.0,0.0,0.0,0.0,0.87,0.05,0.056,1.2,0.0,0.0
8,1.0,0.5,49.04,50.0,20.0,0.4,40.0,1000.0,0.5,30.0,0.83,0.87,0.05,0.056,1.2,0.7662081879166354,0.0637918120833646
8,1.0,0.5,49.04,50.0,20.0,0.4,40.0,1000.0,1.0,60.0,0.82,0.87,0.05,0.056,1.2,0.8679324080680038,-0.04793240806800381
8,1.0,0.5,49.04,50.0,20.0,0.4,40.0,1000.0,2.0,120.0,0.85,0.87,0.05,0.056,1.2,0.9294795778703159,-0.0794795778703159
8,1.0,0.5,49.04,50.0,20.0,0.4,40.0,1000.0,3.0,180.0,0.86,0.87,0.05,0.056,1.2,0.9519278921829953,-0.09192789218299535
8,1.0,0.5,49.04,50.0,20.0,0.4,40.0,1000.0,4.0,240.0,0.87,0.87,0.05,0.056,1.2,0.9635466369047916,-0.09354663690479159
8,1.0,0.5,49.04,50.0,20.0,0.4,40.0,1000.0,5.0,300.0,0.86,0.87,0.05,0.056,1.2,0.970646523463658,-0.110646523463658
8,1.0,0.5,49.04,50.0,20.0,0.4,40.0,1000.0,15.0,900.0,0.87,0.87,0.05,0.056,1.2,0.9900590736010647,-0.12005907360106471
9,1.0,1.0,98.08,100.0,40.0,0.4,40.0,1000.0,0.0,0.0,0.0,0.85,0.06,0.12,0.9,0.0,0.0
9,1.0,1.0,98.08,100.0,40.0,0.4,40.0,1000.0,0.5,30.0,0.83,0.85,0.06,0.12,0.9,0.8679345010190512,-0.03793450101905127
9,1.0,1.0,98.08,100.0,40.0,0.4,40.0,1000.0,1.0,60.0,0.84,0.85,0.06,0.12,0.9,0.9294794039273802,-0.08947940392738019
9,1.0,1.0,98.08,100.0,40.0,0.4,40.0,1000.0,2.0,120.0,0.85,0.85,0.06,0.12,0.9,0.9635458570609025,-0.11354585706090248
9,1.0,1.0,98.08,100.0,40.0,0.4,40.0,1000.0,3.0,180.0,0.85,0.85,0.06,0.12,0.9,0.9754350248176216,-0.1254350248176216
9,1.0,1.0,98.08,100.0,40.0,0.4,40.0,1000.0,4.0,240.0,0.83,0.85,0.06,0.12,0.9,0.9814814326023944,-0.15148143260239444
9,1.0,1.0,98.08,100.0,40.0,0.4,40.0,1000.0,5.0,300.0,0.84,0.85,0.06,0.12,0.9,0.9851422581226372,-0.14514225812263726
9,1.0,1.0,98.08,100.0,40.0,0.4,40.0,1000.0,15.0,900.0,0.85,0.85,0.06,0.12,0.9,0.9950157879389909,-0.14501578793899095
10,1.0,1.5,147.12,150.0,60.0,0.4,40.0,1000.0,0.0,0.0,0.0,0.85,0.07,0.23,0.6,0.0,0.0
10,1.0,1.5,147.12,150.0,60.0,0.4,40.0,1000.0,0.5,30.0,0.84,0.85,0.07,0.23,0.6,0.9080367051379745,-0.06803670513797455
10,1.0,1.5,147.12,150.0,60.0,0.4,40.0,1000.0,1.0,60.0,0.83,0.85,0.07,0.23,0.6,0.9519271770591037,-0.12192717705910372
10,1.0,1.5,147.12,150.0,60.0,0.4,40.0,1000.0,2.0,120.0,0.83,0.85,0.07,0.23,0.6,0.9754348431888724,-0.14543484318887245
10,1.0,1.5,147.12,150.0,60.0,0.4,40.0,1000.0,3.0,180.0,0.83,0.85,0.07,0.23,0.6,0.9835119408957674,-0.15351194089576747
10,1.0,1.5,147.12,150.0,60.0,0.4,40.0,1000.0,4.0,240.0,0.83,0.85,0.07,0.23,0.6,0.9875953484916702,-0.15759534849167023
10,1.0,1.5,147.12,150.0,60.0,0.4,40.0,1000.0,5.0,300.0,0.84,0.85,0.07,0.23,0.6,0.9900591483937051,-0.15005914839370516
10,1.0,1.5,147.12,150.0,60.0,0.4,40.0,1000.0,15.0,900.0,0.85,0.85,0.07,0.23,0.6,0.9966757697115415,-0.1466757697115415
11,1.5,0.1,9.81,7.0,2.7,0.4,40.0,1000.0,0.0,0.0,0.0,0.98,0.07,0.04,1.5,0.0,0.0
11,1.5,0.1,9.81,7.0,2.7,0.4,40.0,1000.0,0.5,30.0,0.86,0.98,0.07,0.04,1.5,0.4216079324982057,0.43839206750179427
11,1.5,0.1,9.81,7.0,2.7,0.4,40.0,1000.0,1.0,60.0,0.85,0.98,0.07,0.04,1.5,0.6210413108097969,0.22895868919020312
11,1.5,0.1,9.81,7.0,2.7,0.4,40.0,1000.0,2.0,120.0,0.88,0.98,0.07,0.04,1.5,0.8073183695668699,0.07268163043313014
11,1.5,0.1,9.81,7.0,2.7,0.4,40.0,1000.0,3.0,180.0,0.97,0.98,0.07,0.04,1.5,0.8908301190777761,0.07916988092222388
11,1.5,0.1,9.81,7.0,2.7,0.4,40.0,1000.0,4.0,240.0,0.94,0.98,0.07,0.04,1.5,0.9348177219526965,0.0051822780473034236
11,1.5,0.1,9.81,7.0,2.7,0.4,40.0,1000.0,5.0,300.0,0.96,0.98,0.07,0.04,1.5,0.9599540258652326,4.597413476736811e-05
11,1.5,0.1,9.81,7.0,2.7,0.4,40.0,1000.0,15.0,900.0,0.98,0.98,0.07,0.04,1.5,0.9995671777411111,-0.019567177741111164
12,3.1,1.0,98.08,33.0,13.3,0.4,40.0,1000.0,0.0,0.0,0.0,1.0,0.09,0.64,0.2,0.0,0.0
12,3.1,1.0,98.08,33.0,13.3,0.4,40.0,1000.0,0.5,30.0,0.96,1.0,0.09,0.64,0.2,0.9922612642287525,-0.03226126422875253
12,3.1,1.0,98.08,33.0,13.3,0.4,40.0,1000.0,1.0,60.0,1.0,1.0,0.09,0.64,0.2,0.9999178027211855,8.219727881453309e-05
12,3.1,1.0,98.08,33.0,13.3,0.4,40.0,1000.0,2.0,120.0,1.0,1.0,0.09,0.64,0.2,0.9999999915757166,8.424283381991415e-09
12,3.1,1.0,98.08,33.0,13.3,0.4,40.0,1000.0,3.0,180.0,0.99,1.0,0.09,0.64,0.2,0.9999999999992099,-0.009999999999209863
12,3.1,1.0,98.08,33.0,13.3,0.4,40.0,1000.0,4.0,240.0,0.99,1.0,0.09,0.64,0.2,0.9999999999999999,-0.009999999999999898
12,3.1,1.0,98.08,33.0,13.3,0.4,40.0,1000.0,5.0,300.0,0.99,1.0,0.09,0.64,0.2,1.0,-0.010000000000000009
12,3.1,1.0,98.08,33.0,13.3,0.4,40.0,1000.0,15.0,900.0,1.0,1.0,0.09,0.64,0.2,1.0,0.0
13,1.5,0.5,49.04,33.0,13.3,0.4,40.0,1000.0,0.0,0.0,0.0,0.97,0.06,0.18,0.7,0.0,0.0
13,1.5,0.5,49.04,33.0,13.3,0.4,40.0,1000.0,0.5,30.0,0.92,0.97,0.06,0.18,0.7,0.8562452702328018,0.0637547297671982
13,1.5,0.5,49.04,33.0,13.3,0.4,40.0,1000.0,1.0,60.0,0.92,0.97,0.06,0.18,0.7,0.9599547846717846,-0.03995478467178459
13,1.5,0.5,49.04,33.0,13.3,0.4,40.0,1000.0,2.0,120.0,0.95,0.97,0.06,0.18,0.7,0.9959360444346567,-0.04593604443465671
13,1.5,0.5,49.04,33.0,13.3,0.4,40.0,1000.0,3.0,180.0,0.95,0.97,0.06,0.18,0.7,0.9995671731182109,-0.049567173118210905
13,1.5,0.5,49.04,33.0,13.3,0.4,40.0,1000.0,4.0,240.0,0.95,0.97,0.06,0.18,0.7,0.9999540857767553,-0.04995408577675531
13,1.5,0.5,49.04,33.0,13.3,0.4,40.0,1000.0,5.0,300.0,0.95,0.97,0.06,0.18,0.7,0.9999951675866516,-0.04999516758665168
13,1.5,0.5,49.04,33.0,13.3,0.4,40.0,1000.0,15.0,900.0,0.97,0.97,0.06,0.18,0.7,0.9999999999999994,-0.02999999999999947
14,1.5,1.0,98.08,67.0,26.7,0.4,40.0,1000.0,0.0,0.0,0.0,0.97,0.07,0.34,0.5,0.0,0.0
14,1.5,1.0,98.08,67.0,26.7,0.4,40.0,1000.0,0.5,30.0,0.91,0.97,0.07,0.34,0.5,0.9599544239586796,-0.04995442395867955
14,1.5,1.0,98.08,67.0,26.7,0.4,40.0,1000.0,1.0,60.0,0.96,0.97,0.07,0.34,0.5,0.9959360225675761,-0.03593602256757611
14,1.5,1.0,98.08,67.0,26.7,0.4,40.0,1000.0,2.0,120.0,0.95,0.97,0.07,0.34,0.5,0.9999540851200316,-0.04995408512003163
14,1.5,1.0,98.08,67.0,26.7,0.4,40.0,1000.0,3.0,180.0,0.97,0.97,0.07,0.34,0.5,0.9999994950911797,-0.029999495091179718
14,1.5,1.0,98.08,67.0,26.7,0.4,40.0,1000.0,4.0,240.0,0.95,0.97,0.07,0.34,0.5,0.9999999945889524,-0.049999994588952434
14,1.5,1.0,98.08,67.0,26.7,0.4,40.0,1000.0,5.0,300.0,0.98,0.97,0.07,0.34,0.5,0.9999999999431909,-0.019999999943190905
14,1.5,1.0,98.08,67.0,26.7,0.4,40.0,1000.0,15.0,900.0,0.97,0.97,0.07,0.34,0.5,1.0,-0.030000000000000027
15,1.5,1.5,147.12,100.0,40.0,0.4,40.0,1000.0,0.0,0.0,0.0,0.97,0.08,0.53,0.2,0.0,0.0
15,1.5,1.5,147.12,100.0,40.0,0.4,40.0,1000.0,0.5,30.0,0.91,0.97,0.08,0.53,0.2,0.9874424070313113,-0.07744240703131122
15,1.5,1.5,147.12,100.0,40.0,0.4,40.0,1000.0,1.0,60.0,0.94,0.97,0.08,0.53,0.2,0.9995671820085706,-0.059567182008570696
15,1.5,1.5,147.12,100.0,40.0,0.4,40.0,1000.0,2.0,120.0,0.95,0.97,0.08,0.53,0.2,0.9999994950893868,-0.049999495089386836
15,1.5,1.5,147.12,100.0,40.0,0.4,40.0,1000.0,3.0,180.0,0.94,0.97,0.08,0.53,0.2,0.9999999994442709,-0.059999999444270924
15,1.5,1.5,147.12,100.0,40.0,0.4,40.0,1000.0,4.0,240.0,0.96,0.97,0.08,0.53,0.2,0.9999999999994137,-0.03999999999941373
15,1.5,1.5,147.12,100.0,40.0,0.4,40.0,1000.0,5.0,300.0,0.96,0.97,0.08,0.53,0.2,0.9999999999999994,-0.03999999999999948
15,1.5,1.5,147.12,100.0,40.0,0.4,40.0,1000.0,15.0,900.0,0.97,0.97,0.08,0.53,0.2,1.0,-0.030000000000000027
16,3.1,1.5,147.12,50.0,20.0,0.4,40.0,1000.0,0.0,0.0,0.0,1.0,0.1,0.99,-0.1,0.0,0.0
16,3.1,1.5,147.12,50.0,20.0,0.4,40.0,1000.0,0.5,30.0,0.98,1.0,0.1,0.99,-0.1,0.9991990836593574,-0.019199083659357408
16,3.1,1.5,147.12,50.0,20.0,0.4,40.0,1000.0,1.0,60.0,0.98,1.0,0.1,0.99,-0.1,0.9999991563578119,-0.01999915635781191
16,3.1,1.5,147.12,50.0,20.0,0.4,40.0,1000.0,2.0,120.0,0.96,1.0,0.1,0.99,-0.1,0.9999999999992099,-0.03999999999920989
16,3.1,1.5,147.12,50.0,20.0,0.4,40.0,1000.0,3.0,180.0,0.99,1.0,0.1,0.99,-0.1,1.0,-0.010000000000000009
16,3.1,1.5,147.12,50.0,20.0,0.4,40.0,1000.0,4.0,240.0,0.99,1.0,0.1,0.99,-0.1,1.0,-0.010000000000000009
16,3.1,1.5,147.12,50.0,20.0,0.4,40.0,1000.0,5.0,300.0,1.0,1.0,0.1,0.99,-0.1,1.0,0.0
16,3.1,1.5,147.12,50.0,20.0,0.4,40.0,1000.0,15.0,900.0,1.0,1.0,0.1,0.99,-0.1,1.0,0.0
